x,eta,phi,L,h0
1.436239122896090792e-01,1.431306464171688657e-02,-9.389605460137574466e-01,1.256637061435917246e+01,1.000000000000000000e+00
1.725374813247303463e-01,1.716827046568286316e-02,-9.124439195062156172e-01,1.256637061435917246e+01,1.000000000000000000e+00
1.748384202957695699e-01,1.739490234985765008e-02,-9.101407741379031746e-01,1.256637061435917246e+01,1.000000000000000000e+00
1.849659464966283973e-01,1.839130609984667916e-02,-8.996720219059889390e-01,1.256637061435917246e+01,1.000000000000000000e+00
2.212911872796129165e-01,2.194895071912038309e-02,-8.577939613512558514e-01,1.256637061435917246e+01,1.000000000000000000e+00
2.560270570965329506e-01,2.532391208744901034e-02,-8.117225065894421165e-01,1.256637061435917246e+01,1.000000000000000000e+00
2.894305367556842534e-01,2.854064941026419888e-02,-7.622646205333639680e-01,1.256637061435917246e+01,1.000000000000000000e+00
3.121604418348158383e-01,3.071153841963113196e-02,-7.259366582112595223e-01,1.256637061435917246e+01,1.000000000000000000e+00
3.287047654112342787e-01,3.228174101591643752e-02,-6.982267083520723450e-01,1.256637061435917246e+01,1.000000000000000000e+00
3.306983298690209794e-01,3.247035989548622409e-02,-6.948187151771312298e-01,1.256637061435917246e+01,1.000000000000000000e+00
3.563562302437804363e-01,3.488617097001136397e-02,-6.496985060087789865e-01,1.256637061435917246e+01,1.000000000000000000e+00
3.920341985617963321e-01,3.820690759022786487e-02,-5.833788836549224088e-01,1.256637061435917246e+01,1.000000000000000000e+00
4.863735653586390706e-01,4.674230781369781429e-02,-3.922824022673775390e-01,1.256637061435917246e+01,1.000000000000000000e+00
5.217044887717596779e-01,4.983586033868931536e-02,-3.165994414213183505e-01,1.256637061435917246e+01,1.000000000000000000e+00
5.474787859479948171e-01,5.205361731679675197e-02,-2.605444649490983866e-01,1.256637061435917246e+01,1.000000000000000000e+00
5.587750223013967510e-01,5.301479310233473546e-02,-2.358224546923061715e-01,1.256637061435917246e+01,1.000000000000000000e+00
6.012682973828221700e-01,5.656887899789994623e-02,-1.423910152398396023e-01,1.256637061435917246e+01,1.000000000000000000e+00
6.389442610833467873e-01,5.963483050008088621e-02,-5.957971953169444168e-02,1.256637061435917246e+01,1.000000000000000000e+00
7.712474893893271899e-01,6.970302826647684080e-02,2.215022417851116865e-01,1.256637061435917246e+01,1.000000000000000000e+00
7.816716224705149152e-01,7.044668150974560394e-02,2.425331002969600691e-01,1.256637061435917246e+01,1.000000000000000000e+00
8.305249859869311413e-01,7.382855697199089406e-02,3.381002581911437543e-01,1.256637061435917246e+01,1.000000000000000000e+00
8.579332926960240302e-01,7.564925480963649584e-02,3.893374112566808654e-01,1.256637061435917246e+01,1.000000000000000000e+00
9.021086861772102949e-01,7.846359474503965259e-02,4.679313918017590224e-01,1.256637061435917246e+01,1.000000000000000000e+00
9.420563045053936824e-01,8.087691759895491994e-02,5.344660138386746473e-01,1.256637061435917246e+01,1.000000000000000000e+00
9.636499604098152094e-01,8.212794321810497344e-02,5.685495943496999827e-01,1.256637061435917246e+01,1.000000000000000000e+00
9.901256242721915291e-01,8.360949007678793177e-02,6.084865993200196943e-01,1.256637061435917246e+01,1.000000000000000000e+00
1.009743772660249173e+00,8.466955395634583048e-02,6.367439539212268462e-01,1.256637061435917246e+01,1.000000000000000000e+00
1.037624643293497018e+00,8.611993417121810435e-02,6.749269754565381252e-01,1.256637061435917246e+01,1.000000000000000000e+00
1.107406117915125110e+00,8.945422742021977291e-02,7.602881900820634975e-01,1.256637061435917246e+01,1.000000000000000000e+00
1.111637086125199625e+00,8.964254342955563226e-02,7.649971768664471927e-01,1.256637061435917246e+01,1.000000000000000000e+00
1.112467929181879756e+00,8.967933499961323884e-02,7.659156743425273861e-01,1.256637061435917246e+01,1.000000000000000000e+00
1.216557098428103112e+00,9.379106543412418784e-02,8.651986257333971198e-01,1.256637061435917246e+01,1.000000000000000000e+00
1.259859944166779488e+00,9.520475008108110482e-02,8.976324436486207148e-01,1.256637061435917246e+01,1.000000000000000000e+00
1.274423529572462188e+00,9.564021140064528359e-02,9.074297672781027613e-01,1.256637061435917246e+01,1.000000000000000000e+00
1.302066364571805135e+00,9.641088779965308053e-02,9.245365145336545964e-01,1.256637061435917246e+01,1.000000000000000000e+00
1.346632691917984292e+00,9.749803644897696298e-02,9.481450380247017362e-01,1.256637061435917246e+01,1.000000000000000000e+00
1.456319099123439154e+00,9.934546349620898553e-02,9.867818643392914923e-01,1.256637061435917246e+01,1.000000000000000000e+00
1.544823915390974634e+00,9.996627358824855536e-02,9.993251306771543385e-01,1.256637061435917246e+01,1.000000000000000000e+00
1.569473668834733937e+00,9.999991252880878478e-02,9.999982505738802541e-01,1.256637061435917246e+01,1.000000000000000000e+00
1.573296854774176801e+00,9.999968736815414982e-02,9.999937473337613403e-01,1.256637061435917246e+01,1.000000000000000000e+00
1.616039577458714849e+00,9.989766987065816506e-02,9.979502602616368012e-01,1.256637061435917246e+01,1.000000000000000000e+00
1.638434517307002292e+00,9.977134095398559888e-02,9.954111813862932534e-01,1.256637061435917246e+01,1.000000000000000000e+00
1.650135637196970428e+00,9.968542875484853738e-02,9.936790129922430381e-01,1.256637061435917246e+01,1.000000000000000000e+00
1.788069128772340699e+00,9.764889748197763675e-02,9.513713237698312453e-01,1.256637061435917246e+01,1.000000000000000000e+00
1.798633453585406494e+00,9.741572036841503190e-02,9.463794474388780298e-01,1.256637061435917246e+01,1.000000000000000000e+00
1.808580550123657593e+00,9.718622858837117073e-02,9.414378620596002278e-01,1.256637061435917246e+01,1.000000000000000000e+00
1.840323546634649254e+00,9.638968939810196868e-02,9.240700183302241744e-01,1.256637061435917246e+01,1.000000000000000000e+00
1.844444365983145540e+00,9.627914387744074265e-02,9.216335872798544493e-01,1.256637061435917246e+01,1.000000000000000000e+00
1.888530135432834323e+00,9.499458480380157388e-02,8.928707908890874956e-01,1.256637061435917246e+01,1.000000000000000000e+00
1.966583941457917595e+00,9.226931975381175155e-02,8.292697007665099651e-01,1.256637061435917246e+01,1.000000000000000000e+00
1.995476207003192393e+00,9.111706783144339628e-02,8.014108329004513420e-01,1.256637061435917246e+01,1.000000000000000000e+00
2.016147647818187671e+00,9.024593807932324019e-02,7.799977979910660553e-01,1.256637061435917246e+01,1.000000000000000000e+00
2.093067432451005683e+00,8.666884752858947105e-02,6.892220497885572783e-01,1.256637061435917246e+01,1.000000000000000000e+00
2.270312420193102643e+00,7.651538389143058838e-02,4.136173149201115562e-01,1.256637061435917246e+01,1.000000000000000000e+00
2.275065635991624369e+00,7.620848607637363548e-02,4.050223383626908036e-01,1.256637061435917246e+01,1.000000000000000000e+00
2.276023458627650431e+00,7.614643430065991259e-02,4.032833904309751083e-01,1.256637061435917246e+01,1.000000000000000000e+00
2.284791783441950219e+00,7.557514562337691588e-02,3.872567440833803443e-01,1.256637061435917246e+01,1.000000000000000000e+00
2.324039066428615019e+00,7.294746487419484504e-02,3.132339797132489556e-01,1.256637061435917246e+01,1.000000000000000000e+00
2.348423253858818338e+00,7.125804680570313465e-02,2.654814596613909172e-01,1.256637061435917246e+01,1.000000000000000000e+00
2.365433267920169502e+00,7.005438943995838386e-02,2.314381506606953964e-01,1.256637061435917246e+01,1.000000000000000000e+00
2.366603410187215317e+00,6.997083905666703907e-02,2.290753336941327989e-01,1.256637061435917246e+01,1.000000000000000000e+00
2.414858250901027237e+00,6.644326440164022296e-02,1.295158024098663208e-01,1.256637061435917246e+01,1.000000000000000000e+00
2.417273622299769276e+00,6.626255842629068249e-02,1.244331896795373704e-01,1.256637061435917246e+01,1.000000000000000000e+00
2.496250091166661189e+00,6.014721447861538783e-02,-4.557039907022536473e-02,1.256637061435917246e+01,1.000000000000000000e+00
2.511353368382589046e+00,5.893380901037260922e-02,-7.867260147139515380e-02,1.256637061435917246e+01,1.000000000000000000e+00
2.511921937977189767e+00,5.888786551640488171e-02,-7.992081866166961257e-02,1.256637061435917246e+01,1.000000000000000000e+00
2.522640600272559652e+00,5.801819404204529296e-02,-1.034737698948252627e-01,1.256637061435917246e+01,1.000000000000000000e+00
2.556002761180977689e+00,5.526910866570580727e-02,-1.769080434219200137e-01,1.256637061435917246e+01,1.000000000000000000e+00
2.608379841159357504e+00,5.083027646204524297e-02,-2.916408340676222011e-01,1.256637061435917246e+01,1.000000000000000000e+00
2.699851412232280978e+00,4.275142095768590805e-02,-4.850990896452492818e-01,1.256637061435917246e+01,1.000000000000000000e+00
2.731532615738021530e+00,3.986643892300045094e-02,-5.484599066154896008e-01,1.256637061435917246e+01,1.000000000000000000e+00
2.734051067103650201e+00,3.963534634745657925e-02,-5.533909705588117012e-01,1.256637061435917246e+01,1.000000000000000000e+00
2.757006965293524292e+00,3.751751210876817094e-02,-5.975432416636345945e-01,1.256637061435917246e+01,1.000000000000000000e+00
2.832197489332961560e+00,3.044825752968464277e-02,-7.304661611221572315e-01,1.256637061435917246e+01,1.000000000000000000e+00
2.857636314489102602e+00,2.801557370113898562e-02,-7.706985354276314482e-01,1.256637061435917246e+01,1.000000000000000000e+00
2.896708684500277187e+00,2.424437572389248272e-02,-8.271180416795301804e-01,1.256637061435917246e+01,1.000000000000000000e+00
2.909604076036008014e+00,2.299132826354170767e-02,-8.442138394289377956e-01,1.256637061435917246e+01,1.000000000000000000e+00
2.925513435802704620e+00,2.144016741542636301e-02,-8.642088305435425832e-01,1.256637061435917246e+01,1.000000000000000000e+00
3.012618738585342459e+00,1.286166477742541406e-02,-9.506469195191287191e-01,1.256637061435917246e+01,1.000000000000000000e+00
3.018863464281716702e+00,1.224213208028026266e-02,-9.552636702018306725e-01,1.256637061435917246e+01,1.000000000000000000e+00
3.038199098520384833e+00,1.032094367440045297e-02,-9.681569056065859602e-01,1.256637061435917246e+01,1.000000000000000000e+00
3.123486673297196869e+00,1.810499103871949806e-03,-9.990167353452071852e-01,1.256637061435917246e+01,1.000000000000000000e+00
3.155708184093232838e+00,-1.411506175909869225e-03,-9.994023347891832776e-01,1.256637061435917246e+01,1.000000000000000000e+00
3.194646376799345155e+00,-5.302883834788721211e-03,-9.915717345789096804e-01,1.256637061435917246e+01,1.000000000000000000e+00
3.206664063692122646e+00,-6.502549797070201337e-03,-9.873329324919931649e-01,1.256637061435917246e+01,1.000000000000000000e+00
3.256858587110936121e+00,-1.150108613059482032e-02,-9.604924720541080374e-01,1.256637061435917246e+01,1.000000000000000000e+00
3.259338730567026055e+00,-1.174741908630338311e-02,-9.587898885635831592e-01,1.256637061435917246e+01,1.000000000000000000e+00
3.298398571271691448e+00,-1.561641140718122815e-02,-9.274330454411205960e-01,1.256637061435917246e+01,1.000000000000000000e+00
3.310556498432714712e+00,-1.681610396921996708e-02,-9.159652471232843096e-01,1.256637061435917246e+01,1.000000000000000000e+00
3.368482849444041527e+00,-2.249485142528927228e-02,-8.507550434169481868e-01,1.256637061435917246e+01,1.000000000000000000e+00
3.397574776939875640e+00,-2.531956515456125836e-02,-8.117857266464649779e-01,1.256637061435917246e+01,1.000000000000000000e+00
3.399538405795484497e+00,-2.550948063760784257e-02,-8.090144614927843314e-01,1.256637061435917246e+01,1.000000000000000000e+00
3.414641355179447224e+00,-2.696684424234497418e-02,-7.871251473358312767e-01,1.256637061435917246e+01,1.000000000000000000e+00
3.500719123068466221e+00,-3.514565645363653540e-02,-6.446924642431635100e-01,1.256637061435917246e+01,1.000000000000000000e+00
3.553385397360494746e+00,-4.002528491946916178e-02,-5.450577609297106996e-01,1.256637061435917246e+01,1.000000000000000000e+00
3.553826392419477731e+00,-4.006569402262646212e-02,-5.441906402049602187e-01,1.256637061435917246e+01,1.000000000000000000e+00
3.580708091673701521e+00,-4.251389896674512975e-02,-4.904386084739636997e-01,1.256637061435917246e+01,1.000000000000000000e+00
3.602654731648611275e+00,-4.448995340948889987e-02,-4.453717136277882127e-01,1.256637061435917246e+01,1.000000000000000000e+00
3.635114504440140504e+00,-4.737304077903006783e-02,-3.771030626949322118e-01,1.256637061435917246e+01,1.000000000000000000e+00
3.635930255018772428e+00,-4.744486570823798488e-02,-3.753661133794291005e-01,1.256637061435917246e+01,1.000000000000000000e+00
3.648257245004142391e+00,-4.852635772850837081e-02,-3.490089603284322051e-01,1.256637061435917246e+01,1.000000000000000000e+00
3.669881301800365758e+00,-5.040560352176601949e-02,-3.023353685490600129e-01,1.256637061435917246e+01,1.000000000000000000e+00
3.719105601863479826e+00,-5.459419181790624992e-02,-1.946776051922667894e-01,1.256637061435917246e+01,1.000000000000000000e+00
3.726404789011143581e+00,-5.520427476170047115e-02,-1.786197053841189764e-01,1.256637061435917246e+01,1.000000000000000000e+00
3.732046566789771536e+00,-5.567381405269435091e-02,-1.662014918790066242e-01,1.256637061435917246e+01,1.000000000000000000e+00
3.742588406007554269e+00,-5.654640232652935472e-02,-1.429910973259894136e-01,1.256637061435917246e+01,1.000000000000000000e+00
3.743125480170782282e+00,-5.659069059386027251e-02,-1.418085850074407017e-01,1.256637061435917246e+01,1.000000000000000000e+00
3.743207097391764826e+00,-5.659741949342072392e-02,-1.416288839691067225e-01,1.256637061435917246e+01,1.000000000000000000e+00
3.863389893177476164e+00,-6.607347813336521269e-02,1.191175948752090652e-01,1.256637061435917246e+01,1.000000000000000000e+00
3.880561750544129218e+00,-6.735262639732224332e-02,1.551257870102557002e-01,1.256637061435917246e+01,1.000000000000000000e+00
3.913677920442630409e+00,-6.976307593500048754e-02,2.232001614463122730e-01,1.256637061435917246e+01,1.000000000000000000e+00
3.914992655186845472e+00,-6.985721076861943490e-02,2.258620510166168827e-01,1.256637061435917246e+01,1.000000000000000000e+00
3.938499579772622550e+00,-7.151976975467071174e-02,2.728830649209623149e-01,1.256637061435917246e+01,1.000000000000000000e+00
3.975124661329835440e+00,-7.403104296908626092e-02,3.438093459723726153e-01,1.256637061435917246e+01,1.000000000000000000e+00
3.983421034691946083e+00,-7.458622510458345900e-02,3.594501229376618756e-01,1.256637061435917246e+01,1.000000000000000000e+00
3.984670078773123514e+00,-7.466936575522645225e-02,3.617906707174129988e-01,1.256637061435917246e+01,1.000000000000000000e+00
4.015195203029652049e+00,-7.666469916536124141e-02,4.177955765954308731e-01,1.256637061435917246e+01,1.000000000000000000e+00
4.072304696395140589e+00,-8.020454210210532786e-02,5.160254569007480807e-01,1.256637061435917246e+01,1.000000000000000000e+00
4.136292687614947283e+00,-8.385955960962460098e-02,6.151776037824323584e-01,1.256637061435917246e+01,1.000000000000000000e+00
4.139400634396460887e+00,-8.402846111202769142e-02,6.196882194450904491e-01,1.256637061435917246e+01,1.000000000000000000e+00
4.140693173454646825e+00,-8.409846532801938668e-02,6.215556615453212697e-01,1.256637061435917246e+01,1.000000000000000000e+00
4.170722737447378314e+00,-8.568508156391901887e-02,6.635401292679637963e-01,1.256637061435917246e+01,1.000000000000000000e+00
4.184079251323472803e+00,-8.636603258966613073e-02,6.813470028079411378e-01,1.256637061435917246e+01,1.000000000000000000e+00
4.189114366944381551e+00,-8.661874393591427468e-02,6.879209413740021706e-01,1.256637061435917246e+01,1.000000000000000000e+00
4.211045738627758439e+00,-8.769377859709420742e-02,7.156680648425763902e-01,1.256637061435917246e+01,1.000000000000000000e+00
4.245322447060773108e+00,-8.928929770452792569e-02,7.561534965540939179e-01,1.256637061435917246e+01,1.000000000000000000e+00
4.273685917702506387e+00,-9.053033189354381394e-02,7.870205936232792521e-01,1.256637061435917246e+01,1.000000000000000000e+00
4.316227868331532491e+00,-9.225491368540961190e-02,8.289247796719579897e-01,1.256637061435917246e+01,1.000000000000000000e+00
4.428404568040900102e+00,-9.599466977390563871e-02,9.153350455071739278e-01,1.256637061435917246e+01,1.000000000000000000e+00
4.445121564403048176e+00,-9.644961632760729042e-02,9.253881838980582142e-01,1.256637061435917246e+01,1.000000000000000000e+00
4.469559555228736158e+00,-9.706615258668231661e-02,9.388410845610593025e-01,1.256637061435917246e+01,1.000000000000000000e+00
4.503702681554777598e+00,-9.783039247117036874e-02,9.552363198763619279e-01,1.256637061435917246e+01,1.000000000000000000e+00
4.681040639055622954e+00,-9.995086809856258692e-02,9.990166382624784402e-01,1.256637061435917246e+01,1.000000000000000000e+00
4.681537844418354410e+00,-9.995241414498097499e-02,9.990476040065050523e-01,1.256637061435917246e+01,1.000000000000000000e+00
4.694137367641472380e+00,-9.998334439398280649e-02,9.996668046753733883e-01,1.256637061435917246e+01,1.000000000000000000e+00
4.729925080899798573e+00,-9.998462465295451795e-02,9.996924221532396126e-01,1.256637061435917246e+01,1.000000000000000000e+00
4.780501517187774496e+00,-9.976812378293023476e-02,9.953463955244481465e-01,1.256637061435917246e+01,1.000000000000000000e+00
4.801049603952374234e+00,-9.960722208523434262e-02,9.920984015020326563e-01,1.256637061435917246e+01,1.000000000000000000e+00
4.855153472950863858e+00,-9.898264469804708698e-02,9.793465916043353481e-01,1.256637061435917246e+01,1.000000000000000000e+00
4.869522922881432514e+00,-9.876798432113123583e-02,9.749117847159101125e-01,1.256637061435917246e+01,1.000000000000000000e+00
4.895726150035983437e+00,-9.832407634563682108e-02,9.656576607968587744e-01,1.256637061435917246e+01,1.000000000000000000e+00
4.994871604261830633e+00,-9.603663901905711009e-02,9.162668733642352903e-01,1.256637061435917246e+01,1.000000000000000000e+00
5.106345915906713273e+00,-9.233974419404421263e-02,8.309545958223949480e-01,1.256637061435917246e+01,1.000000000000000000e+00
5.197423487966144506e+00,-8.846588608588694391e-02,7.353678009242079483e-01,1.256637061435917246e+01,1.000000000000000000e+00
5.213047215190210970e+00,-8.772667972205622222e-02,7.165115065362140934e-01,1.256637061435917246e+01,1.000000000000000000e+00
5.219368899504090109e+00,-8.742148600745425213e-02,7.086743236452065497e-01,1.256637061435917246e+01,1.000000000000000000e+00
5.252867993249092038e+00,-8.574623052171362336e-02,6.651445970755638371e-01,1.256637061435917246e+01,1.000000000000000000e+00
5.259106936219709816e+00,-8.542354099358918929e-02,6.566658493584989209e-01,1.256637061435917246e+01,1.000000000000000000e+00
5.288053868661587664e+00,-8.388305275768433156e-02,6.158054211394741184e-01,1.256637061435917246e+01,1.000000000000000000e+00
5.312139452610757040e+00,-8.254764831932767666e-02,5.799127437418605258e-01,1.256637061435917246e+01,1.000000000000000000e+00
5.346177453902603460e+00,-8.057897557242743591e-02,5.263046277056833144e-01,1.256637061435917246e+01,1.000000000000000000e+00
5.375841125717414570e+00,-7.878709599369161654e-02,4.769029945792757630e-01,1.256637061435917246e+01,1.000000000000000000e+00
5.381159417937872114e+00,-7.845846142380653865e-02,4.677889115630293748e-01,1.256637061435917246e+01,1.000000000000000000e+00
5.401339332775144442e+00,-7.719137297421185817e-02,4.325142352864135287e-01,1.256637061435917246e+01,1.000000000000000000e+00
5.401681179405616540e+00,-7.716963634100164338e-02,4.319073864027456189e-01,1.256637061435917246e+01,1.000000000000000000e+00
5.464418687561698462e+00,-7.303038355675238458e-02,3.155755826767688843e-01,1.256637061435917246e+01,1.000000000000000000e+00
5.515164607338166824e+00,-6.947129152535534702e-02,2.149502145671594033e-01,1.256637061435917246e+01,1.000000000000000000e+00
5.541935529115161962e+00,-6.752103065935352588e-02,1.598738962871015801e-01,1.256637061435917246e+01,1.000000000000000000e+00
5.554838416909552379e+00,-6.656368693086710253e-02,1.329041366815533198e-01,1.256637061435917246e+01,1.000000000000000000e+00
5.604703574198620863e+00,-6.276117367320643847e-02,2.653502977556110309e-02,1.256637061435917246e+01,1.000000000000000000e+00
5.622623025500429250e+00,-6.135609531867550898e-02,-1.234877560536767893e-02,1.256637061435917246e+01,1.000000000000000000e+00
5.665222714610762544e+00,-5.793757537223386683e-02,-1.056497622099054068e-01,1.256637061435917246e+01,1.000000000000000000e+00
5.681060856585987473e+00,-5.663945826158997554e-02,-1.405059817338485950e-01,1.256637061435917246e+01,1.000000000000000000e+00
5.739035343027406810e+00,-5.176910144461202568e-02,-2.678141774320361157e-01,1.256637061435917246e+01,1.000000000000000000e+00
5.786077294881097011e+00,-4.768855793072858396e-02,-3.694602235361806875e-01,1.256637061435917246e+01,1.000000000000000000e+00
5.786288080248001009e+00,-4.767002956738124880e-02,-3.699099434866271463e-01,1.256637061435917246e+01,1.000000000000000000e+00
5.812830573503251053e+00,-4.532025261743161809e-02,-4.260085020768649144e-01,1.256637061435917246e+01,1.000000000000000000e+00
5.834361792785676570e+00,-4.339058702787865901e-02,-4.706243008583140264e-01,1.256637061435917246e+01,1.000000000000000000e+00
5.925471025150046422e+00,-3.501341187202850619e-02,-6.472475613088706226e-01,1.256637061435917246e+01,1.000000000000000000e+00
5.953507970859384102e+00,-3.237377580279984096e-02,-6.965659182186054732e-01,1.256637061435917246e+01,1.000000000000000000e+00
5.988726925676619572e+00,-2.902215857663444434e-02,-7.544087452754367762e-01,1.256637061435917246e+01,1.000000000000000000e+00
6.006483012910024399e+00,-2.731848736186101578e-02,-7.816797076724262272e-01,1.256637061435917246e+01,1.000000000000000000e+00
6.045155622568821663e+00,-2.357883241078236394e-02,-8.363025287351752990e-01,1.256637061435917246e+01,1.000000000000000000e+00
6.050777229881350472e+00,-2.303215242091559076e-02,-8.436700772408342042e-01,1.256637061435917246e+01,1.000000000000000000e+00
6.067199294526077757e+00,-2.143106355211461117e-02,-8.643223320034512103e-01,1.256637061435917246e+01,1.000000000000000000e+00
6.079860718889738003e+00,-2.019265447268740049e-02,-8.793395575473449410e-01,1.256637061435917246e+01,1.000000000000000000e+00
6.097289945241010756e+00,-1.848265433848321135e-02,-8.986844103318254451e-01,1.256637061435917246e+01,1.000000000000000000e+00
6.123057610372909743e+00,-1.594442710864954135e-02,-9.243788755178213856e-01,1.256637061435917246e+01,1.000000000000000000e+00
6.129487908881519509e+00,-1.530929831797465425e-02,-9.302369301048889483e-01,1.256637061435917246e+01,1.000000000000000000e+00
6.147043948516391687e+00,-1.357211969151741852e-02,-9.450785754866773969e-01,1.256637061435917246e+01,1.000000000000000000e+00
6.200187340416682957e+00,-8.290270874881941823e-03,-9.794286588387797199e-01,1.256637061435917246e+01,1.000000000000000000e+00
6.206984411301712079e+00,-7.612717289607543424e-03,-9.826475466810650206e-01,1.256637061435917246e+01,1.000000000000000000e+00
6.227674173115831380e+00,-5.548262899221825459e-03,-9.907745097074096563e-01,1.256637061435917246e+01,1.000000000000000000e+00
6.246103391962025242e+00,-3.707341743997196598e-03,-9.958785742385523054e-01,1.256637061435917246e+01,1.000000000000000000e+00
6.251535842500081763e+00,-3.164418112606467992e-03,-9.969969401128147002e-01,1.256637061435917246e+01,1.000000000000000000e+00
6.296149287870684397e+00,1.296361756268907305e-03,-9.994958621016760691e-01,1.256637061435917246e+01,1.000000000000000000e+00
6.348710253267311643e+00,6.547806739055847536e-03,-9.871562496765841077e-01,1.256637061435917246e+01,1.000000000000000000e+00
6.378135884263783417e+00,9.480796845615174773e-03,-9.731151413986240950e-01,1.256637061435917246e+01,1.000000000000000000e+00
6.381285156368735834e+00,9.794257958523133051e-03,-9.713137741439497042e-01,1.256637061435917246e+01,1.000000000000000000e+00
6.407296321874601297e+00,1.237926350907020412e-02,-9.542609943628556080e-01,1.256637061435917246e+01,1.000000000000000000e+00
6.454313337630905423e+00,1.702940108223901031e-02,-9.138408525411483296e-01,1.256637061435917246e+01,1.000000000000000000e+00
6.491849019260182097e+00,2.071527832191186191e-02,-8.731046366104964207e-01,1.256637061435917246e+01,1.000000000000000000e+00
6.505380947291944160e+00,2.203718149202051058e-02,-8.566672260993943855e-01,1.256637061435917246e+01,1.000000000000000000e+00
6.517206020931906707e+00,2.318905040961154185e-02,-8.415719400018315532e-01,1.256637061435917246e+01,1.000000000000000000e+00
6.532349473907005155e+00,2.465940236882026293e-02,-8.212718498002403722e-01,1.256637061435917246e+01,1.000000000000000000e+00
6.540217868706354132e+00,2.542117214144425444e-02,-8.103054116735853851e-01,1.256637061435917246e+01,1.000000000000000000e+00
6.549750548670090211e+00,2.634195495209634696e-02,-7.966453753322483289e-01,1.256637061435917246e+01,1.000000000000000000e+00
6.572025401474467898e+00,2.848405604586004211e-02,-7.631803148186845354e-01,1.256637061435917246e+01,1.000000000000000000e+00
6.585172957188898835e+00,2.974184962291019640e-02,-7.424514899426710723e-01,1.256637061435917246e+01,1.000000000000000000e+00
6.640638624231146814e+00,3.498896610158425124e-02,-6.477190111533910333e-01,1.256637061435917246e+01,1.000000000000000000e+00
6.721781744937866954e+00,4.246691706627822582e-02,-4.914922103601767622e-01,1.256637061435917246e+01,1.000000000000000000e+00
6.751061351702291269e+00,4.509916139267940161e-02,-4.311885822427824477e-01,1.256637061435917246e+01,1.000000000000000000e+00
6.774802682268035170e+00,4.720523351787091204e-02,-3.811545058980233547e-01,1.256637061435917246e+01,1.000000000000000000e+00
6.799709291170814573e+00,4.938605887364913571e-02,-3.277915282055627877e-01,1.256637061435917246e+01,1.000000000000000000e+00
6.901962359593905916e+00,5.800393955935245760e-02,-1.038586080233955822e-01,1.256637061435917246e+01,1.000000000000000000e+00
6.958679557456887821e+00,6.252831050130788770e-02,2.007233597539764824e-02,1.256637061435917246e+01,1.000000000000000000e+00
7.055068559057965594e+00,6.974860099758763143e-02,2.227908598691785147e-01,1.256637061435917246e+01,1.000000000000000000e+00
7.062034338181373272e+00,7.024607141109129316e-02,2.368592210561015765e-01,1.256637061435917246e+01,1.000000000000000000e+00
7.163136928610417620e+00,7.707080535363289298e-02,4.291475175770502748e-01,1.256637061435917246e+01,1.000000000000000000e+00
7.233873441555725314e+00,8.138155882997871737e-02,5.482516930047078851e-01,1.256637061435917246e+01,1.000000000000000000e+00
7.365331583892617218e+00,8.829673758303241415e-02,7.310690610884862384e-01,1.256637061435917246e+01,1.000000000000000000e+00
7.375984567098102573e+00,8.879180557709578925e-02,7.436232678587061384e-01,1.256637061435917246e+01,1.000000000000000000e+00
7.381827137747758449e+00,8.905904778931114651e-02,7.503650557080748795e-01,1.256637061435917246e+01,1.000000000000000000e+00
7.385405291252971516e+00,8.922121393188668648e-02,7.544438403731306142e-01,1.256637061435917246e+01,1.000000000000000000e+00
7.392217815425477845e+00,8.952680601913477754e-02,7.621045947154877487e-01,1.256637061435917246e+01,1.000000000000000000e+00
7.396119868401922481e+00,8.969997135324410398e-02,7.664306423642692767e-01,1.256637061435917246e+01,1.000000000000000000e+00
7.420780902753212338e+00,9.076268045327413880e-02,7.927351892281437884e-01,1.256637061435917246e+01,1.000000000000000000e+00
7.427555535275829790e+00,9.104497966073031578e-02,7.996500661467180748e-01,1.256637061435917246e+01,1.000000000000000000e+00
7.428328277619288933e+00,9.107691461204620031e-02,8.004303367208275288e-01,1.256637061435917246e+01,1.000000000000000000e+00
7.431625083255791075e+00,9.121254976714519846e-02,8.037398250660614529e-01,1.256637061435917246e+01,1.000000000000000000e+00
7.433029165713987751e+00,9.127001473064177972e-02,8.051397590986849595e-01,1.256637061435917246e+01,1.000000000000000000e+00
7.450908260516249548e+00,9.198598178949331239e-02,8.224698264396036462e-01,1.256637061435917246e+01,1.000000000000000000e+00
7.455268313072083153e+00,9.215612878779207151e-02,8.265572441853393792e-01,1.256637061435917246e+01,1.000000000000000000e+00
7.463058988322018195e+00,9.245578870427983986e-02,8.337263624375308435e-01,1.256637061435917246e+01,1.000000000000000000e+00
7.479980669748967692e+00,9.308730768542275436e-02,8.487090255543159323e-01,1.256637061435917246e+01,1.000000000000000000e+00
7.506524883476196841e+00,9.402417486000634594e-02,8.706111974632965156e-01,1.256637061435917246e+01,1.000000000000000000e+00
7.507185954740546840e+00,9.404666429510488701e-02,8.711320599999932135e-01,1.256637061435917246e+01,1.000000000000000000e+00
7.551426120766177696e+00,9.545781646748061067e-02,9.033374904061122201e-01,1.256637061435917246e+01,1.000000000000000000e+00
7.600965130058114916e+00,9.681617196233616163e-02,9.334104782306616999e-01,1.256637061435917246e+01,1.000000000000000000e+00
7.605394615188740381e+00,9.692610315167089763e-02,9.358026967375852045e-01,1.256637061435917246e+01,1.000000000000000000e+00
7.618804784032250588e+00,9.724731478561889075e-02,9.427559702156619315e-01,1.256637061435917246e+01,1.000000000000000000e+00
7.651299816621575545e+00,9.795302592330605573e-02,9.578376201631227937e-01,1.256637061435917246e+01,1.000000000000000000e+00
7.702727843924055406e+00,9.885829367727116956e-02,9.767807613825610913e-01,1.256637061435917246e+01,1.000000000000000000e+00
7.704891024158697199e+00,9.889065666360107032e-02,9.774493861566442288e-01,1.256637061435917246e+01,1.000000000000000000e+00
7.710282697780061589e+00,9.896930621884662826e-02,9.790717939366763156e-01,1.256637061435917246e+01,1.000000000000000000e+00
7.730919140611049123e+00,9.924373628808554060e-02,9.847048721841741292e-01,1.256637061435917246e+01,1.000000000000000000e+00
7.749088119657583817e+00,9.945037175730675472e-02,9.889174710234273080e-01,1.256637061435917246e+01,1.000000000000000000e+00
7.784521600436629996e+00,9.975886216184069732e-02,9.951598550521131292e-01,1.256637061435917246e+01,1.000000000000000000e+00
7.790490644927972497e+00,9.979851241395210071e-02,9.959581018077264813e-01,1.256637061435917246e+01,1.000000000000000000e+00
7.806149965281518277e+00,9.988562838159917301e-02,9.977086493544633505e-01,1.256637061435917246e+01,1.000000000000000000e+00
7.817917168631366209e+00,9.993497476533323709e-02,9.986982279219226433e-01,1.256637061435917246e+01,1.000000000000000000e+00
7.839209427098110083e+00,9.998908929361172149e-02,9.997817501643753157e-01,1.256637061435917246e+01,1.000000000000000000e+00
7.844637617831917709e+00,9.999563449987940167e-02,9.999126842806432824e-01,1.256637061435917246e+01,1.000000000000000000e+00
7.865939160282938047e+00,9.999285096341196943e-02,9.998570039370834328e-01,1.256637061435917246e+01,1.000000000000000000e+00
7.872255540574723653e+00,9.998330368151073233e-02,9.996659900187159220e-01,1.256637061435917246e+01,1.000000000000000000e+00
7.903625473697471371e+00,9.987679976435562268e-02,9.975314492752692663e-01,1.256637061435917246e+01,1.000000000000000000e+00
7.945556708363390008e+00,9.958099322605146186e-02,9.915674884643150833e-01,1.256637061435917246e+01,1.000000000000000000e+00
7.998027175364746277e+00,9.896433671794635512e-02,9.789693867273719929e-01,1.256637061435917246e+01,1.000000000000000000e+00
8.006027493029547415e+00,9.884632795234553349e-02,9.765333955359976059e-01,1.256637061435917246e+01,1.000000000000000000e+00
8.046109721678117666e+00,9.816001034999338737e-02,9.622093414014447621e-01,1.256637061435917246e+01,1.000000000000000000e+00
8.055350776422127268e+00,9.797936527201178691e-02,9.583952500441382805e-01,1.256637061435917246e+01,1.000000000000000000e+00
8.092261806334295926e+00,9.717453456827442049e-02,9.411853032132134755e-01,1.256637061435917246e+01,1.000000000000000000e+00
8.137621347918296166e+00,9.600432192317015501e-02,9.155494276085311967e-01,1.256637061435917246e+01,1.000000000000000000e+00
8.151488641980970229e+00,9.560702491606647146e-02,9.066864116538291274e-01,1.256637061435917246e+01,1.000000000000000000e+00
8.168447849733677657e+00,9.509616186029645757e-02,8.951748684826797975e-01,1.256637061435917246e+01,1.000000000000000000e+00
8.179138665436310518e+00,9.476005732056015651e-02,8.875320001675481851e-01,1.256637061435917246e+01,1.000000000000000000e+00
8.184693240143978699e+00,9.458115129996294557e-02,8.834417018160136692e-01,1.256637061435917246e+01,1.000000000000000000e+00
8.196267191770166605e+00,9.419899998009514941e-02,8.746540466876099318e-01,1.256637061435917246e+01,1.000000000000000000e+00
8.218859624431583910e+00,9.341673054319858671e-02,8.564552575346292551e-01,1.256637061435917246e+01,1.000000000000000000e+00
8.252142850665331153e+00,9.217754924371834857e-02,8.270709671337344027e-01,1.256637061435917246e+01,1.000000000000000000e+00
8.310957845078512207e+00,8.973908044011270901e-02,7.674061593362694333e-01,1.256637061435917246e+01,1.000000000000000000e+00
8.314213601904526740e+00,8.959494916951310506e-02,7.638082600314323178e-01,1.256637061435917246e+01,1.000000000000000000e+00
8.361671973052166251e+00,8.738697027121673788e-02,7.077861110495523578e-01,1.256637061435917246e+01,1.000000000000000000e+00
8.369755168699253289e+00,8.699114691547613076e-02,6.975734382179502591e-01,1.256637061435917246e+01,1.000000000000000000e+00
8.394491130750196817e+00,8.574466194201375846e-02,6.651034527888803893e-01,1.256637061435917246e+01,1.000000000000000000e+00
8.398797217497424583e+00,8.552228810766843159e-02,6.592635341965060736e-01,1.256637061435917246e+01,1.000000000000000000e+00
8.418417906258119032e+00,8.448902949421784048e-02,6.319518419615246518e-01,1.256637061435917246e+01,1.000000000000000000e+00
8.429612818581446732e+00,8.388488751302486390e-02,6.158544464099202642e-01,1.256637061435917246e+01,1.000000000000000000e+00
8.483990271121195192e+00,8.080224197523033780e-02,5.324219810592019098e-01,1.256637061435917246e+01,1.000000000000000000e+00
8.509632439573795892e+00,7.926513159363156313e-02,4.901323258149830053e-01,1.256637061435917246e+01,1.000000000000000000e+00
8.563620432998387599e+00,7.585972695094589380e-02,3.952439412900299320e-01,1.256637061435917246e+01,1.000000000000000000e+00
8.563737795269020125e+00,7.585207957467560158e-02,3.950294003508121876e-01,1.256637061435917246e+01,1.000000000000000000e+00
8.592670578134221415e+00,7.393519529162101422e-02,3.411072087372979400e-01,1.256637061435917246e+01,1.000000000000000000e+00
8.641222168759208344e+00,7.058028285447719152e-02,2.463118712466348392e-01,1.256637061435917246e+01,1.000000000000000000e+00
8.680905792300556811e+00,6.771423241256134540e-02,1.653230071235525789e-01,1.256637061435917246e+01,1.000000000000000000e+00
8.699058439280463517e+00,6.636738323791192828e-02,1.273812519356903872e-01,1.256637061435917246e+01,1.000000000000000000e+00
8.703030248921637124e+00,6.606976040386926263e-02,1.190131056559992628e-01,1.256637061435917246e+01,1.000000000000000000e+00
8.706039762525074721e+00,6.584355175167309893e-02,1.126573750482284253e-01,1.256637061435917246e+01,1.000000000000000000e+00
8.733110027040545731e+00,6.378226834432092207e-02,5.495262406936302080e-02,1.256637061435917246e+01,1.000000000000000000e+00
8.865285134790637400e+00,5.307564238403085499e-02,-2.342490873700758258e-01,1.256637061435917246e+01,1.000000000000000000e+00
8.866812222677577182e+00,5.294615612280575978e-02,-2.375960192437400198e-01,1.256637061435917246e+01,1.000000000000000000e+00
8.872660461470429638e+00,5.244912758464981284e-02,-2.504018171231614520e-01,1.256637061435917246e+01,1.000000000000000000e+00
8.910598533915409902e+00,4.918205444573792162e-02,-3.328471936248759144e-01,1.256637061435917246e+01,1.000000000000000000e+00
8.943128640718988720e+00,4.632414853101673308e-02,-4.022719944739139297e-01,1.256637061435917246e+01,1.000000000000000000e+00
8.947519073222082397e+00,4.593460909244818230e-02,-4.115240130450472655e-01,1.256637061435917246e+01,1.000000000000000000e+00
8.968728625781409391e+00,4.404046484112567050e-02,-4.557502655717449169e-01,1.256637061435917246e+01,1.000000000000000000e+00
8.969001623037405224e+00,4.401595352331194588e-02,-4.563140995988838045e-01,1.256637061435917246e+01,1.000000000000000000e+00
8.999233443883865036e+00,4.128167965660881067e-02,-5.177890724575269221e-01,1.256637061435917246e+01,1.000000000000000000e+00
9.026358563219346820e+00,3.879620252085249493e-02,-5.711110256336817681e-01,1.256637061435917246e+01,1.000000000000000000e+00
9.050258182505347193e+00,3.658256368841096562e-02,-6.164248499319789909e-01,1.256637061435917246e+01,1.000000000000000000e+00
9.075977658134785742e+00,3.417705979951685125e-02,-6.632224833794465590e-01,1.256637061435917246e+01,1.000000000000000000e+00
9.140867919563820720e+00,2.801112928354606776e-02,-7.707693291073999253e-01,1.256637061435917246e+01,1.000000000000000000e+00
9.170781681801511098e+00,2.512740177325049201e-02,-8.145705908869391720e-01,1.256637061435917246e+01,1.000000000000000000e+00
9.176371312159007587e+00,2.458598279035537765e-02,-8.223126815250687560e-01,1.256637061435917246e+01,1.000000000000000000e+00
9.197084112589532623e+00,2.257314967661517430e-02,-8.497322564349396590e-01,1.256637061435917246e+01,1.000000000000000000e+00
9.250287477432401317e+00,1.736063804353481232e-02,-9.104908439058553293e-01,1.256637061435917246e+01,1.000000000000000000e+00
9.303826965692675088e+00,1.206563091380563439e-02,-9.565380989562703995e-01,1.256637061435917246e+01,1.000000000000000000e+00
9.344381312472455292e+00,8.031006737149728666e-03,-9.806924779557262273e-01,1.256637061435917246e+01,1.000000000000000000e+00
9.386918182621203144e+00,3.785073433007653514e-03,-9.957040182985293919e-01,1.256637061435917246e+01,1.000000000000000000e+00
9.401629824155920190e+00,2.314606940047404804e-03,-9.983930654318392550e-01,1.256637061435917246e+01,1.000000000000000000e+00
9.412508915858442293e+00,1.226873710446374759e-03,-9.995484569264300179e-01,1.256637061435917246e+01,1.000000000000000000e+00
9.413758925053567594e+00,1.101881273017759960e-03,-9.996357720394679625e-01,1.256637061435917246e+01,1.000000000000000000e+00
9.415406699701961202e+00,9.371123903162284843e-04,-9.997365538223694781e-01,1.256637061435917246e+01,1.000000000000000000e+00
9.475693740954621802e+00,-5.089378388371236517e-03,-9.922361773041181721e-01,1.256637061435917246e+01,1.000000000000000000e+00
9.478777535429115275e+00,-5.397333510583565697e-03,-9.912691235660517908e-01,1.256637061435917246e+01,1.000000000000000000e+00
9.497603811840846788e+00,-7.276149488689276530e-03,-9.841453235111722320e-01,1.256637061435917246e+01,1.000000000000000000e+00
9.544183806361271394e+00,-1.191223045658565925e-02,-9.576309892681444946e-01,1.256637061435917246e+01,1.000000000000000000e+00
9.555008389838368643e+00,-1.298626238600584376e-02,-9.496915014233189289e-01,1.256637061435917246e+01,1.000000000000000000e+00
9.579626917783059525e+00,-1.542308653185713897e-02,-9.292043495214097337e-01,1.256637061435917246e+01,1.000000000000000000e+00
9.720028267886393181e+00,-2.909793353989818115e-02,-7.531619142077283779e-01,1.256637061435917246e+01,1.000000000000000000e+00
9.804285790391920941e+00,-3.704633632828674417e-02,-6.071063588633173191e-01,1.256637061435917246e+01,1.000000000000000000e+00
9.898852404124928839e+00,-4.565151606184697508e-02,-4.182148235068839925e-01,1.256637061435917246e+01,1.000000000000000000e+00
9.923029420919474930e+00,-4.778903184094557277e-02,-3.670195698029730669e-01,1.256637061435917246e+01,1.000000000000000000e+00
9.937977519601119525e+00,-4.909671407395814480e-02,-3.349582919607854148e-01,1.256637061435917246e+01,1.000000000000000000e+00
9.942902771866187095e+00,-4.952519403038682655e-02,-3.243361195610588443e-01,1.256637061435917246e+01,1.000000000000000000e+00
1.002440055072300140e+01,-5.643309432363605854e-02,-1.460145268491166992e-01,1.256637061435917246e+01,1.000000000000000000e+00
1.004922907796253639e+01,-5.846520611127235117e-02,-9.138546969541616605e-02,1.256637061435917246e+01,1.000000000000000000e+00
1.010424077107604823e+01,-6.283752292619602942e-02,2.865547663670053868e-02,1.256637061435917246e+01,1.000000000000000000e+00
1.014808552597705038e+01,-6.618677070833489662e-02,1.223022574659002881e-01,1.256637061435917246e+01,1.000000000000000000e+00
1.015315872417409082e+01,-6.656621476272138460e-02,1.329752731165847468e-01,1.256637061435917246e+01,1.000000000000000000e+00
1.015473981763801881e+01,-6.668412112334755337e-02,1.362937899093887295e-01,1.256637061435917246e+01,1.000000000000000000e+00
1.022421757942606924e+01,-7.169655568436020254e-02,2.778821087595824690e-01,1.256637061435917246e+01,1.000000000000000000e+00
1.032849628393701202e+01,-7.856328359434880393e-02,4.706976229032868719e-01,1.256637061435917246e+01,1.000000000000000000e+00
1.033883458454936033e+01,-7.919869723581705878e-02,4.882958549900936474e-01,1.256637061435917246e+01,1.000000000000000000e+00
1.036077668017233222e+01,-8.051917347278314541e-02,5.246645639890250568e-01,1.256637061435917246e+01,1.000000000000000000e+00
1.036449275542383219e+01,-8.073898568656846797e-02,5.306897193332373863e-01,1.256637061435917246e+01,1.000000000000000000e+00
1.036647873658526287e+01,-8.085600291444906829e-02,5.338936374624707604e-01,1.256637061435917246e+01,1.000000000000000000e+00
1.037638718594366516e+01,-8.143505102439203835e-02,5.497101176100676057e-01,1.256637061435917246e+01,1.000000000000000000e+00
1.038937251730031264e+01,-8.218179824964087776e-02,5.700097659166369901e-01,1.256637061435917246e+01,1.000000000000000000e+00
1.041459002184975091e+01,-8.359228436568662268e-02,6.080256805881604221e-01,1.256637061435917246e+01,1.000000000000000000e+00
1.043238498154720340e+01,-8.455566895509362968e-02,6.337217997854345253e-01,1.256637061435917246e+01,1.000000000000000000e+00
1.043468801483118114e+01,-8.467840024809548949e-02,6.369785661174531821e-01,1.256637061435917246e+01,1.000000000000000000e+00
1.046319826076880766e+01,-8.616034753912978073e-02,6.759824619950040026e-01,1.256637061435917246e+01,1.000000000000000000e+00
1.046437612648838567e+01,-8.622007409691782864e-02,6.775414860480476476e-01,1.256637061435917246e+01,1.000000000000000000e+00
1.046569102941351304e+01,-8.628660815322782007e-02,6.792769771750599705e-01,1.256637061435917246e+01,1.000000000000000000e+00
1.051449174165170142e+01,-8.864945059807971539e-02,7.400219267896273045e-01,1.256637061435917246e+01,1.000000000000000000e+00
1.052598734376907252e+01,-8.917552796226008160e-02,7.532956932694692131e-01,1.256637061435917246e+01,1.000000000000000000e+00
1.056605682742736008e+01,-9.091668006230711752e-02,7.965112564137810658e-01,1.256637061435917246e+01,1.000000000000000000e+00
1.063894204415104028e+01,-9.370778879398020123e-02,8.632590070560995921e-01,1.256637061435917246e+01,1.000000000000000000e+00
1.070747783668402775e+01,-9.587864631929016168e-02,9.127543883837923033e-01,1.256637061435917246e+01,1.000000000000000000e+00
1.071856132361497238e+01,-9.618766339184760261e-02,9.196126150021965984e-01,1.256637061435917246e+01,1.000000000000000000e+00
1.072070149261337235e+01,-9.624597319830313635e-02,9.209012805036447258e-01,1.256637061435917246e+01,1.000000000000000000e+00
1.074882573370713423e+01,-9.697117193232335230e-02,9.367816006666467299e-01,1.256637061435917246e+01,1.000000000000000000e+00
1.076622499123352128e+01,-9.738145346733757812e-02,9.456433826607337778e-01,1.256637061435917246e+01,1.000000000000000000e+00
1.077351560540137143e+01,-9.754461162054826884e-02,9.491424027817751963e-01,1.256637061435917246e+01,1.000000000000000000e+00
1.078277489013711765e+01,-9.774435211503229581e-02,9.534063056852674078e-01,1.256637061435917246e+01,1.000000000000000000e+00
1.085389244978623147e+01,-9.899799069899865855e-02,9.796626212676623480e-01,1.256637061435917246e+01,1.000000000000000000e+00
1.088291323458536120e+01,-9.936604532266478385e-02,9.872013544200156643e-01,1.256637061435917246e+01,1.000000000000000000e+00
1.088460937540339657e+01,-9.938497088415565450e-02,9.875868685739538355e-01,1.256637061435917246e+01,1.000000000000000000e+00
1.090698787955049021e+01,-9.960787894892837724e-02,9.921116922349766387e-01,1.256637061435917246e+01,1.000000000000000000e+00
1.092606626107570378e+01,-9.975852895575053336e-02,9.951531429204794055e-01,1.256637061435917246e+01,1.000000000000000000e+00
1.096035496887851757e+01,-9.993798639010538498e-02,9.987585750495561188e-01,1.256637061435917246e+01,1.000000000000000000e+00
1.096288466094451763e+01,-9.994657417344915418e-02,9.989306277831959680e-01,1.256637061435917246e+01,1.000000000000000000e+00
1.104302975083099447e+01,-9.988742008038148379e-02,9.977446050419915835e-01,1.256637061435917246e+01,1.000000000000000000e+00
1.105501077936022725e+01,-9.982341716579724855e-02,9.964590108814902480e-01,1.256637061435917246e+01,1.000000000000000000e+00
1.110316367550573347e+01,-9.942178426330222640e-02,9.883361573842275316e-01,1.256637061435917246e+01,1.000000000000000000e+00
1.115858842563100239e+01,-9.867425925409623044e-02,9.729671980600358427e-01,1.256637061435917246e+01,1.000000000000000000e+00
1.122202180465119170e+01,-9.744701356646837120e-02,9.470510834055463345e-01,1.256637061435917246e+01,1.000000000000000000e+00
1.126005317887467427e+01,-9.652288530331831762e-02,9.269973041316532658e-01,1.256637061435917246e+01,1.000000000000000000e+00
1.127929898600179648e+01,-9.600194327032401942e-02,9.154966001668467523e-01,1.256637061435917246e+01,1.000000000000000000e+00
1.131257318681280921e+01,-9.501751879154197999e-02,8.933914400232325637e-01,1.256637061435917246e+01,1.000000000000000000e+00
1.134465618619426941e+01,-9.396871318465915834e-02,8.693256915637155302e-01,1.256637061435917246e+01,1.000000000000000000e+00
1.138298583872894731e+01,-9.258900585439462649e-02,8.369012328544805923e-01,1.256637061435917246e+01,1.000000000000000000e+00
1.144010839596220031e+01,-9.028111141422864860e-02,7.808680291003342600e-01,1.256637061435917246e+01,1.000000000000000000e+00
1.145862147563371281e+01,-8.946955461644492957e-02,7.606719379415751714e-01,1.256637061435917246e+01,1.000000000000000000e+00
1.147483457540728757e+01,-8.873362637478232617e-02,7.421522760194976254e-01,1.256637061435917246e+01,1.000000000000000000e+00
1.162504414680896048e+01,-8.083397243967398171e-02,5.332906377441251067e-01,1.256637061435917246e+01,1.000000000000000000e+00
1.162629554578913371e+01,-8.076023726733259911e-02,5.312717715183367106e-01,1.256637061435917246e+01,1.000000000000000000e+00
1.166932901031797165e+01,-7.814845160140490576e-02,4.591776112160523282e-01,1.256637061435917246e+01,1.000000000000000000e+00
1.169597400864479120e+01,-7.645846187992441645e-02,4.120238715311248523e-01,1.256637061435917246e+01,1.000000000000000000e+00
1.171124201955733746e+01,-7.546552961845470753e-02,3.841783404652098777e-01,1.256637061435917246e+01,1.000000000000000000e+00
1.173428595407389530e+01,-7.393366533318364298e-02,3.410640719459729908e-01,1.256637061435917246e+01,1.000000000000000000e+00
1.176840602125461821e+01,-7.159365242783426175e-02,2.749723316827188402e-01,1.256637061435917246e+01,1.000000000000000000e+00
1.181824355092179424e+01,-6.802671584325520326e-02,1.741402498137757382e-01,1.256637061435917246e+01,1.000000000000000000e+00
1.183943318276405421e+01,-6.645843635992958187e-02,1.299426409996188303e-01,1.256637061435917246e+01,1.000000000000000000e+00
1.187456158204358481e+01,-6.379313488605285742e-02,5.525570130735424357e-02,1.256637061435917246e+01,1.000000000000000000e+00
1.189823747046215452e+01,-6.195216235110480307e-02,4.113280506220284849e-03,1.256637061435917246e+01,1.000000000000000000e+00
1.193822045841753088e+01,-5.876490259057775417e-02,-8.325962744424447726e-02,1.256637061435917246e+01,1.000000000000000000e+00
1.195028458781222191e+01,-5.778452195093186639e-02,-1.097773211472547472e-01,1.256637061435917246e+01,1.000000000000000000e+00
1.200648224693039268e+01,-5.310916133447821097e-02,-2.333819802991576320e-01,1.256637061435917246e+01,1.000000000000000000e+00
1.202200448436946623e+01,-5.178759468482984490e-02,-2.673423352764234817e-01,1.256637061435917246e+01,1.000000000000000000e+00
1.204735434502029712e+01,-4.960261972241694628e-02,-3.224106950246823922e-01,1.256637061435917246e+01,1.000000000000000000e+00
1.212239183527142750e+01,-4.295358911134462138e-02,-4.805374039047587420e-01,1.256637061435917246e+01,1.000000000000000000e+00
1.214177622157162517e+01,-4.119512239557154842e-02,-5.196879506844640506e-01,1.256637061435917246e+01,1.000000000000000000e+00
1.216323486680025212e+01,-3.923046377822305558e-02,-5.619773250247094287e-01,1.256637061435917246e+01,1.000000000000000000e+00
1.219367023551888352e+01,-3.641317474841140184e-02,-6.198048311978803238e-01,1.256637061435917246e+01,1.000000000000000000e+00
1.220842679394465158e+01,-3.503491180027699242e-02,-6.468326999253898313e-01,1.256637061435917246e+01,1.000000000000000000e+00
1.223138776777664027e+01,-3.287529699612339040e-02,-6.874454196854496990e-01,1.256637061435917246e+01,1.000000000000000000e+00
1.228809414082083151e+01,-2.746988344420032285e-02,-7.793157796091593204e-01,1.256637061435917246e+01,1.000000000000000000e+00
1.231562950059881878e+01,-2.481219655738366864e-02,-8.190966594662693057e-01,1.256637061435917246e+01,1.000000000000000000e+00
1.235462694651865334e+01,-2.101649431366630488e-02,-8.694430173851849242e-01,1.256637061435917246e+01,1.000000000000000000e+00
1.236075791213384711e+01,-2.041669945012267867e-02,-8.766850844009431709e-01,1.256637061435917246e+01,1.000000000000000000e+00
1.236425596331287480e+01,-2.007413838651897833e-02,-8.807325469376635629e-01,1.256637061435917246e+01,1.000000000000000000e+00
1.237947225034866605e+01,-1.858121717582366522e-02,-8.976135664229468736e-01,1.256637061435917246e+01,1.000000000000000000e+00
1.243802766667681503e+01,-1.279908954614343043e-02,-9.511233511266838914e-01,1.256637061435917246e+01,1.000000000000000000e+00
1.247195775510622617e+01,-9.427265905142548363e-03,-9.734169819760969400e-01,1.256637061435917246e+01,1.000000000000000000e+00
1.249264195787299414e+01,-7.366187752332770469e-03,-9.837512256587374049e-01,1.256637061435917246e+01,1.000000000000000000e+00
1.249329991908000714e+01,-7.300568791965139637e-03,-9.840389156869596698e-01,1.256637061435917246e+01,1.000000000000000000e+00
1.254682265619274695e+01,-1.954671323722239392e-03,-9.988539239854056229e-01,1.256637061435917246e+01,1.000000000000000000e+00
1.256400503869698326e+01,-2.365573455917158131e-04,-9.999832122179884708e-01,1.256637061435917246e+01,1.000000000000000000e+00
